{
	"inherit": "Alpha",
	"variables": [
	{
		"Name": "fontFamily",
		"Value": "Arial, sans-serif"
	},
	{
		"Name": "foreColor",
		"Value": "#000"
	},
	{
		"Name": "backColor",
		"Value": "#fff"
	},
	{
		"Name": "iconColor",
		"Value": "#333"
	},
	{
		"Name": "headerForeColor",
		"Value": "#fff"
	},
	{
		"Name": "headerBackColor",
		"Value": "#116aa6"
	},
	{
		"Name": "panelLineColor",
		"Value": "rgba(128,128,128,.2)"
	},
	{
		"Name": "accentColor",
		"Value": "#3498db"
	},
	{
		"Name": "accentForeColor",
		"Value": "#fff"
	},
	{
		"Name": "altAccentColor",
		"Value": "#5fbcfa"
	},
	{
		"Name": "altAccentForeColor",
		"Value": "#fff"
	},
	{
		"Name": "errorColor",
		"Value": "#ff351c"
	},
	{
		"Name": "confirmColor",
		"Value": "#32cc42"
	},
	{
		"Name": "confirmForeColor",
		"Value": "#fff"
	},
	{
		"Name": "denyColor",
		"Value": "#ff351c"
	},
	{
		"Name": "denyForeColor",
		"Value": "#fff"
	},
	{
		"Name": "lockColor",
		"Value": "rgba(0,0,0,.1)"
	}],
	"sass": "",
	"js": "",
	"subthemes": {
	}
}